id,query,syntax,semantic,results,correctness level,normalized value
115,,1,0,0,2,0.142857
121,,1,0,0,2,0.142857
154,,1,0,0,2,0.142857
210,,1,0,0,2,0.142857
223,,1,0,0,2,0.142857
251,,1,0,0,2,0.142857
274,,1,0,0,2,0.142857
279,,1,0,0,2,0.142857
319,,1,0,0,2,0.142857
323,,1,0,0,2,0.142857
324,,1,0,0,2,0.142857
334,,1,0,0,2,0.142857
54,,1,0,0,2,0.142857
245," SELECT Artist.name FROM Artist , Produces WHERE Artist.artist_id = Produces.artist_id;",1,0,0,2,0.142857
225," SELECT DISTINCT name > FROM Artist, Produces > WHERE Artist.artist_id=Produces.artist_id;",0,0,0,1,0
70,(SELECT name FROM Artist) UNION (SELECT Artist FROM produces),1,0,0,2,0.142857
40,(SELECT name FROM Artist) UNION (Select name FROM Produces);,1,0,0,2,0.142857
165,"-- I was adviced against doing this but this should work so I wanted to show it <3 -- SELECT DISTINCT Artist.name -- FROM Artist -- NATURAL JOIN Produces; -- My actual Answer SELECT DISTINCT Artist.name FROM Artist, Produces WHERE Artist.artist_id = Produces.artist_id;",1,0,0,2,0.142857
316,"--SELECT DISTINCT artist.name FROM Artist, Produces WHERE Artist.artist_id == Produces.artist_id;",1,0,0,2,0.142857
267,=,0,0,0,1,0
343,D SELECT DISTINCT name > FROM Artist > NATURAL JOIN Produces;,0,0,0,1,0
145,PROJECT name FROM Artist JOIN Produces,0,0,0,1,0
347,"SELECT * FROM (SELECT DISTINCT name FROM Artist, Produces WHERE Artist.artist_id = Produces.artist_id);",0,0,0,1,0
192,SELECT Artist.name FROM Artist INNER JOIN Produces ON Artist.artist_id = Produces.artist_id;,1,0,0,2,0.142857
289,SELECT Artist.name FROM Artist NATURAL JOIN Produces;,1,0,0,2,0.142857
290,"SELECT Artist.name FROM Artist, Produces WHERE Artist.artist_id = Produces.artist_id;",1,0,0,2,0.142857
202,"SELECT Artist.name FROM Artist, Produces WHERE Artist.artist_id = Produces.artist_id; ",1,0,0,2,0.142857
218,"SELECT Artist.name FROM Artist, Produces WHERE Artist.artist_id=Produces.artist_id;",1,0,0,2,0.142857
128,"SELECT Artist.name FROM Artist, Produces; WHERE Artist.artist_id = Produces.produces_id;",0,0,0,1,0
1,"SELECT Artist.name FROM Artist,Produces WHERE Produces.artist_id=Artist.artist_id;",1,0,0,2,0.142857
160,"SELECT Artist.name From Artist, Produces Where Artist.name = Produces.name",1,0,0,2,0.142857
15,"SELECT Artist.name, FROM Artist, Produces WHERE Artist.artist_id = Produces.artist_id;",0,0,0,1,0
163,"SELECT Artist.name, FROM Artist, Produces WHERE Artist.artist_id = Produces.artist_id;",0,0,0,1,0
29,"SELECT Artists.name FROM Artist, Produces WHERE Artist.artist_id = Produces.artist_id;",1,0,0,2,0.142857
68,"SELECT Artists.name FROM Artist, Produces WHERE Artist.artist_id = Produces.artist_id;",1,0,0,2,0.142857
190,"SELECT COUNT (*) FROM (SELECT DISTINCT name FROM Artist, Produces WHERE Artist.artist_id=Produces.artist_id) AS query_answer;",1,0,0,2,0.142857
58,"SELECT COUNT( DISTINCT Artist.name) FROM Artist, Produces WHERE Artist.artist_id=Produces.artist_id;",1,0,0,2,0.142857
81,"SELECT COUNT(*) FROM (SELECT DISTINCT (name) FROM Artist, Produces WHERE Artist.artist_id=Produces.artist_id) AS bernie_best_always_solves_problems;",1,0,0,2,0.142857
6,"SELECT COUNT(DISTINCT(name)) FROM Artist A, Produces P WHERE A.artist_id = P.artist_id;",1,0,0,2,0.142857
176,"SELECT DISTINCT A.name FROM Artist A, Produces P WHERE A.artist_id = P.artist_id;",1,1,1,8,1
180,"SELECT DISTINCT A.name FROM Artist A, Produces P WHERE A.artist_id = P.artist_id;",1,1,1,8,1
9,"SELECT DISTINCT A.name FROM Artist A, Produces P WHERE A.artist_id = P.artist_id;",1,1,1,8,1
10,"SELECT DISTINCT A.name FROM Artist A, Produces P WHERE P.artist_id = A.artist_id; ",1,1,1,8,1
74,"SELECT DISTINCT Artist.Name FROM Artist,Produces WHERE produces.artist_id=artist.artist_id; ",1,1,1,8,1
116,SELECT DISTINCT Artist.name FROM Artist INNER JOIN Produces ON Artist .artist_id = Produces .artist_id;,1,1,1,8,1
28,SELECT DISTINCT Artist.name FROM Artist NATURAL JOIN Produces;,1,1,1,8,1
158,SELECT DISTINCT Artist.name FROM Artist NATURAL JOIN Produces;,1,1,1,8,1
134,"SELECT DISTINCT Artist.name FROM Artist, Produces WHERE Artist.artist_id = Produces.artist_id",1,1,1,8,1
306,"SELECT DISTINCT Artist.name FROM Artist, Produces WHERE Artist.artist_id = Produces.artist_id",1,1,1,8,1
113,"SELECT DISTINCT Artist.name FROM Artist, Produces WHERE Artist.artist_id = Produces.artist_id ; ",1,1,1,8,1
200,"SELECT DISTINCT Artist.name FROM Artist, Produces WHERE Artist.artist_id = Produces.artist_id AND Artist.name <> Produces.track_id;",1,1,1,8,1
55,"SELECT DISTINCT Artist.name FROM Artist, Produces WHERE Artist.artist_id = Produces.artist_id;",1,1,1,8,1
195,"SELECT DISTINCT Artist.name FROM Artist, Produces WHERE Artist.artist_id = Produces.artist_id;",1,1,1,8,1
229,"SELECT DISTINCT Artist.name FROM Artist, Produces WHERE Artist.artist_id = Produces.artist_id;",1,1,1,8,1
250,"SELECT DISTINCT Artist.name FROM Artist, Produces WHERE Artist.artist_id = Produces.artist_id;",1,1,1,8,1
302,"SELECT DISTINCT Artist.name FROM Artist, Produces WHERE Artist.artist_id = Produces.artist_id;",1,1,1,8,1
329,"SELECT DISTINCT Artist.name FROM Artist, Produces WHERE Artist.artist_id = Produces.artist_id;",1,1,1,8,1
4,"SELECT DISTINCT Artist.name FROM Artist, Produces WHERE Artist.artist_id = Produces.artist_id;",1,1,1,8,1
326,"SELECT DISTINCT Artist.name FROM Artist, Produces WHERE Artist.artist_id=Produces.artist_id",1,1,1,8,1
18,"SELECT DISTINCT Artist.name FROM Artist, Produces WHERE Artist.name = Produces.name ;",1,0,0,2,0.142857
234,"SELECT DISTINCT Artist.name FROM Artist, Produces WHERE artist.artist_id = Produces.artist_id;",1,1,1,8,1
5,"SELECT DISTINCT Artist.name FROM Artist, Produces;",1,0,0,2,0.142857
67,"SELECT DISTINCT Artist.name FROM Artist, Produces;",1,0,0,2,0.142857
136,"SELECT DISTINCT Artist.name FROM Artist, Produces; ",1,0,0,2,0.142857
247,"SELECT DISTINCT Artist.name FROM Artist, produces WHERE produces.artist_id = Artist.artist_id;",1,1,1,8,1
297,"SELECT DISTINCT Artist.name FROM Artist,Produces WHERE Artist.artist_id == Produces.artist_id;",1,0,0,2,0.142857
261,"SELECT DISTINCT Artist.name FROM Artists, produces WHERE Artist.artist_id = Produces.artist_id ;",1,0,0,2,0.142857
288,SELECT DISTINCT Artist.name FROM Produces NATURAL JOIN Artist WHERE Artist.artist_id = Produces.artist_id;,1,1,1,8,1
31,"SELECT DISTINCT Artist.names FROM Artist, Produces WHERE Produces.artist_id = Artist.artist_id;",1,0,0,2,0.142857
89,SELECT DISTINCT NAME FROM artist A JOIN produces P ON A.artist_id = P.artist_id;,1,1,1,8,1
282,SELECT DISTINCT Name FROM Artist JOIN Produces;,0,0,0,1,0
117,SELECT DISTINCT Name FROM Artist NATURAL JOIN Produces;,1,1,1,8,1
168,"SELECT DISTINCT Name FROM Artist, Produces WHERE Artist.artist_id = Produces.artist_id;",1,1,1,8,1
42,"SELECT DISTINCT a.* FROM Artist a, Produces p WHERE a.artist_id = p.artist_id;",1,0,0,2,0.142857
146,"SELECT DISTINCT artist.name FROM artist, produces WHERE artist.artist_id = produces.artist_id;",1,1,1,8,1
120,"SELECT DISTINCT artist.name FROM artist,produces WHERE produces.artist_id=artist.artist_id;",1,1,1,8,1
149,SELECT DISTINCT artist_id FROM produces;,1,0,0,2,0.142857
69,SELECT DISTINCT name FROM (Artist AND Produces);,0,0,0,1,0
309,SELECT DISTINCT name FROM (Artist INNER JOIN Produces ON Artist._artist_id = Produces.artist_id);,1,0,0,2,0.142857
119,"SELECT DISTINCT name FROM Artist , Produces WHERE Artist.artist_id = Produces.artist_id ;",1,1,1,8,1
254,"SELECT DISTINCT name FROM Artist , Produces; ",1,0,0,2,0.142857
140,"SELECT DISTINCT name FROM Artist A, Produces P",1,0,0,2,0.142857
50,"SELECT DISTINCT name FROM Artist A, Produces P WHERE A.artist_id = P.artist_id;",1,1,1,8,1
110,"SELECT DISTINCT name FROM Artist A, Produces P WHERE A.artist_id = P.artist_id;",1,1,1,8,1
198,"SELECT DISTINCT name FROM Artist A, Produces P WHERE A.artist_id = P.artist_id;",1,1,1,8,1
232,"SELECT DISTINCT name FROM Artist A, Produces P WHERE A.artist_id = P.artist_id;",1,1,1,8,1
312,"SELECT DISTINCT name FROM Artist A, Produces P WHERE A.artist_id = P.artist_id;",1,1,1,8,1
109,"SELECT DISTINCT name FROM Artist A, Produces P WHERE A.artist_id = P.artist_id; ",1,1,1,8,1
23,SELECT DISTINCT name FROM Artist INNER JOIN Produces ON (Artist.artist_id = Produces.artist_id);,1,1,1,8,1
32,SELECT DISTINCT name FROM Artist INNER JOIN Produces ON Artist.artist_id = Produces.artist_id,1,1,1,8,1
167,SELECT DISTINCT name FROM Artist INNER JOIN Produces ON Artist.artist_id = Produces.artist_id;,1,1,1,8,1
271,SELECT DISTINCT name FROM Artist INNER JOIN Produces ON Artist.artist_id = Produces.artist_id;,1,1,1,8,1
43,SELECT DISTINCT name FROM Artist INNER JOIN Produces ON Artist.artist_id=Produces.artist_id;,1,1,1,8,1
318,SELECT DISTINCT name FROM Artist INNER JOIN Produces ON Artist.artist_id=Produces.artist_id;,1,1,1,8,1
63,SELECT DISTINCT name FROM Artist INNER JOIN Produces;,0,0,0,1,0
262,SELECT DISTINCT name FROM Artist JOIN Produces ON Artist.artist_id=Produces.artist_id;,1,1,1,8,1
196,SELECT DISTINCT name FROM Artist JOIN Produces;,0,0,0,1,0
314,SELECT DISTINCT name FROM Artist JOIN Produces;,0,0,0,1,0
233,SELECT DISTINCT name FROM Artist NATURAL JOIN Produces,1,1,1,8,1
48,SELECT DISTINCT name FROM Artist NATURAL JOIN Produces,1,1,1,8,1
320,SELECT DISTINCT name FROM Artist NATURAL JOIN Produces;,1,1,1,8,1
246,SELECT DISTINCT name FROM Artist NATURAL JOIN Produces;,1,1,1,8,1
164,SELECT DISTINCT name FROM Artist NATURAL JOIN Produces;,1,1,1,8,1
123,SELECT DISTINCT name FROM Artist NATURAL JOIN Produces;,1,1,1,8,1
144,SELECT DISTINCT name FROM Artist NATURAL JOIN Produces;,1,1,1,8,1
178,SELECT DISTINCT name FROM Artist NATURAL JOIN Produces;,1,1,1,8,1
185,SELECT DISTINCT name FROM Artist NATURAL JOIN Produces;,1,1,1,8,1
188,SELECT DISTINCT name FROM Artist NATURAL JOIN Produces;,1,1,1,8,1
213,SELECT DISTINCT name FROM Artist NATURAL JOIN Produces;,1,1,1,8,1
231,SELECT DISTINCT name FROM Artist NATURAL JOIN Produces;,1,1,1,8,1
249,SELECT DISTINCT name FROM Artist NATURAL JOIN Produces;,1,1,1,8,1
253,SELECT DISTINCT name FROM Artist NATURAL JOIN Produces;,1,1,1,8,1
270,SELECT DISTINCT name FROM Artist NATURAL JOIN Produces;,1,1,1,8,1
286,SELECT DISTINCT name FROM Artist NATURAL JOIN Produces;,1,1,1,8,1
340,SELECT DISTINCT name FROM Artist NATURAL JOIN Produces;,1,1,1,8,1
39,SELECT DISTINCT name FROM Artist NATURAL JOIN Produces;,1,1,1,8,1
126,"SELECT DISTINCT name FROM Artist a, Produces p WHERE a.artist_id = p.artist_id;",1,1,1,8,1
135,SELECT DISTINCT name FROM Artist natural join Produces;,1,1,1,8,1
139,"SELECT DISTINCT name FROM Artist, Produces ",1,0,0,2,0.142857
284,"SELECT DISTINCT name FROM Artist, Produces WHERE Arist.artist_id=Produces.artist_id;",1,0,0,2,0.142857
103,"SELECT DISTINCT name FROM Artist, Produces WHERE Artist.artist_id = Produces.artist_id",1,1,1,8,1
152,"SELECT DISTINCT name FROM Artist, Produces WHERE Artist.artist_id = Produces.artist_id",1,1,1,8,1
90,"SELECT DISTINCT name FROM Artist, Produces WHERE Artist.artist_id = Produces.artist_id;",1,1,1,8,1
82,"SELECT DISTINCT name FROM Artist, Produces WHERE Artist.artist_id = Produces.artist_id;",1,1,1,8,1
64,"SELECT DISTINCT name FROM Artist, Produces WHERE Artist.artist_id = Produces.artist_id;",1,1,1,8,1
60,"SELECT DISTINCT name FROM Artist, Produces WHERE Artist.artist_id = Produces.artist_id;",1,1,1,8,1
51,"SELECT DISTINCT name FROM Artist, Produces WHERE Artist.artist_id = Produces.artist_id;",1,1,1,8,1
344,"SELECT DISTINCT name FROM Artist, Produces WHERE Artist.artist_id = Produces.artist_id;",1,1,1,8,1
321,"SELECT DISTINCT name FROM Artist, Produces WHERE Artist.artist_id = Produces.artist_id;",1,1,1,8,1
268,"SELECT DISTINCT name FROM Artist, Produces WHERE Artist.artist_id = Produces.artist_id;",1,1,1,8,1
219,"SELECT DISTINCT name FROM Artist, Produces WHERE Artist.artist_id = Produces.artist_id;",1,1,1,8,1
181,"SELECT DISTINCT name FROM Artist, Produces WHERE Artist.artist_id = Produces.artist_id;",1,1,1,8,1
166,"SELECT DISTINCT name FROM Artist, Produces WHERE Artist.artist_id = Produces.artist_id;",1,1,1,8,1
159,"SELECT DISTINCT name FROM Artist, Produces WHERE Artist.artist_id = Produces.artist_id;",1,1,1,8,1
129,"SELECT DISTINCT name FROM Artist, Produces WHERE Artist.artist_id = Produces.artist_id;",1,1,1,8,1
101,"SELECT DISTINCT name FROM Artist, Produces WHERE Artist.artist_id = Produces.artist_id;",1,1,1,8,1
130,"SELECT DISTINCT name FROM Artist, Produces WHERE Artist.artist_id = Produces.artist_id;",1,1,1,8,1
205,"SELECT DISTINCT name FROM Artist, Produces WHERE Artist.artist_id = Produces.artist_id;",1,1,1,8,1
206,"SELECT DISTINCT name FROM Artist, Produces WHERE Artist.artist_id = Produces.artist_id;",1,1,1,8,1
215,"SELECT DISTINCT name FROM Artist, Produces WHERE Artist.artist_id = Produces.artist_id;",1,1,1,8,1
217,"SELECT DISTINCT name FROM Artist, Produces WHERE Artist.artist_id = Produces.artist_id;",1,1,1,8,1
221,"SELECT DISTINCT name FROM Artist, Produces WHERE Artist.artist_id = Produces.artist_id;",1,1,1,8,1
237,"SELECT DISTINCT name FROM Artist, Produces WHERE Artist.artist_id = Produces.artist_id;",1,1,1,8,1
242,"SELECT DISTINCT name FROM Artist, Produces WHERE Artist.artist_id = Produces.artist_id;",1,1,1,8,1
244,"SELECT DISTINCT name FROM Artist, Produces WHERE Artist.artist_id = Produces.artist_id;",1,1,1,8,1
257,"SELECT DISTINCT name FROM Artist, Produces WHERE Artist.artist_id = Produces.artist_id;",1,1,1,8,1
259,"SELECT DISTINCT name FROM Artist, Produces WHERE Artist.artist_id = Produces.artist_id;",1,1,1,8,1
265,"SELECT DISTINCT name FROM Artist, Produces WHERE Artist.artist_id = Produces.artist_id;",1,1,1,8,1
293,"SELECT DISTINCT name FROM Artist, Produces WHERE Artist.artist_id = Produces.artist_id;",1,1,1,8,1
304,"SELECT DISTINCT name FROM Artist, Produces WHERE Artist.artist_id = Produces.artist_id;",1,1,1,8,1
339,"SELECT DISTINCT name FROM Artist, Produces WHERE Artist.artist_id = Produces.artist_id;",1,1,1,8,1
349,"SELECT DISTINCT name FROM Artist, Produces WHERE Artist.artist_id = Produces.artist_id;",1,1,1,8,1
46,"SELECT DISTINCT name FROM Artist, Produces WHERE Artist.artist_id = Produces.artist_id;",1,1,1,8,1
77,"SELECT DISTINCT name FROM Artist, Produces WHERE Artist.artist_id = Produces.artist_id;",1,1,1,8,1
85,"SELECT DISTINCT name FROM Artist, Produces WHERE Artist.artist_id = Produces.artist_id;",1,1,1,8,1
88,"SELECT DISTINCT name FROM Artist, Produces WHERE Artist.artist_id = Produces.artist_id;",1,1,1,8,1
96,"SELECT DISTINCT name FROM Artist, Produces WHERE Artist.artist_id = Produces.artist_id;",1,1,1,8,1
99,"SELECT DISTINCT name FROM Artist, Produces WHERE Artist.artist_id = Produces.artist_id;",1,1,1,8,1
61,"SELECT DISTINCT name FROM Artist, Produces WHERE Artist.artist_id = Produces.artist_id; ",1,1,1,8,1
95,"SELECT DISTINCT name FROM Artist, Produces WHERE Artist.artist_id = Produces.artist_id; ",1,1,1,8,1
100,"SELECT DISTINCT name FROM Artist, Produces WHERE Artist.artist_id = Produces.artist_id; -- I did not know if using NATURAL JOIN is allowed, so I just did it manually now",1,1,1,8,1
236,"SELECT DISTINCT name FROM Artist, Produces WHERE Artist.artist_id == Produces.artist_id;",1,0,0,2,0.142857
300,"SELECT DISTINCT name FROM Artist, Produces WHERE Artist.artist_id=Produces.artist_id ",1,1,1,8,1
78,"SELECT DISTINCT name FROM Artist, Produces WHERE Artist.artist_id=Produces.artist_id;",1,1,1,8,1
52,"SELECT DISTINCT name FROM Artist, Produces WHERE Artist.artist_id=Produces.artist_id;",1,1,1,8,1
44,"SELECT DISTINCT name FROM Artist, Produces WHERE Artist.artist_id=Produces.artist_id;",1,1,1,8,1
35,"SELECT DISTINCT name FROM Artist, Produces WHERE Artist.artist_id=Produces.artist_id;",1,1,1,8,1
327,"SELECT DISTINCT name FROM Artist, Produces WHERE Artist.artist_id=Produces.artist_id;",1,1,1,8,1
275,"SELECT DISTINCT name FROM Artist, Produces WHERE Artist.artist_id=Produces.artist_id;",1,1,1,8,1
230,"SELECT DISTINCT name FROM Artist, Produces WHERE Artist.artist_id=Produces.artist_id;",1,1,1,8,1
222,"SELECT DISTINCT name FROM Artist, Produces WHERE Artist.artist_id=Produces.artist_id;",1,1,1,8,1
199,"SELECT DISTINCT name FROM Artist, Produces WHERE Artist.artist_id=Produces.artist_id;",1,1,1,8,1
193,"SELECT DISTINCT name FROM Artist, Produces WHERE Artist.artist_id=Produces.artist_id;",1,1,1,8,1
141,"SELECT DISTINCT name FROM Artist, Produces WHERE Artist.artist_id=Produces.artist_id;",1,1,1,8,1
111,"SELECT DISTINCT name FROM Artist, Produces WHERE Artist.artist_id=Produces.artist_id;",1,1,1,8,1
106,"SELECT DISTINCT name FROM Artist, Produces WHERE Artist.artist_id=Produces.artist_id;",1,1,1,8,1
183,"SELECT DISTINCT name FROM Artist, Produces WHERE Artist.artist_id=Produces.artist_id;",1,1,1,8,1
346,"SELECT DISTINCT name FROM Artist, Produces WHERE Artist.artist_id=Produces.artist_id;",1,1,1,8,1
351,"SELECT DISTINCT name FROM Artist, Produces WHERE Artist.artist_id=Produces.artist_id;",1,1,1,8,1
73,"SELECT DISTINCT name FROM Artist, Produces WHERE Artist.artist_id=Produces.artist_id;",1,1,1,8,1
98,"SELECT DISTINCT name FROM Artist, Produces WHERE Artist.artist_id=Produces.artist_id;",1,1,1,8,1
238,"SELECT DISTINCT name FROM Artist, Produces WHERE Artist.artist_id=Produces.artist_id; ",1,1,1,8,1
208,"SELECT DISTINCT name FROM Artist, Produces WHERE Artist.name = Produces.name;",1,0,0,2,0.142857
291,"SELECT DISTINCT name FROM Artist, Produces WHERE Produces.artist_id = Artist.artist_id;",1,1,1,8,1
330,"SELECT DISTINCT name FROM Artist, Produces WHERE artist.artist_id = produces.artist_id; ",1,1,1,8,1
173,"SELECT DISTINCT name FROM Artist, Produces Where Artist.artist_id == Produces.artist_id;",1,0,0,2,0.142857
97,"SELECT DISTINCT name FROM Artist, Produces;",1,0,0,2,0.142857
91,"SELECT DISTINCT name FROM Artist, Produces;",1,0,0,2,0.142857
45,"SELECT DISTINCT name FROM Artist, Produces;",1,0,0,2,0.142857
33,"SELECT DISTINCT name FROM Artist, Produces;",1,0,0,2,0.142857
305,"SELECT DISTINCT name FROM Artist, Produces;",1,0,0,2,0.142857
283,"SELECT DISTINCT name FROM Artist, Produces;",1,0,0,2,0.142857
243,"SELECT DISTINCT name FROM Artist, Produces;",1,0,0,2,0.142857
201,"SELECT DISTINCT name FROM Artist, Produces;",1,0,0,2,0.142857
131,"SELECT DISTINCT name FROM Artist, Produces;",1,0,0,2,0.142857
112,"SELECT DISTINCT name FROM Artist, Produces;",1,0,0,2,0.142857
171,"SELECT DISTINCT name FROM Artist, Produces;",1,0,0,2,0.142857
277,"SELECT DISTINCT name FROM Artist, Produces;",1,0,0,2,0.142857
333,"SELECT DISTINCT name FROM Artist, Produces;",1,0,0,2,0.142857
175,"SELECT DISTINCT name FROM Artist,Produces WHERE Artist.artist_id = Produces.artist_id;",1,1,1,8,1
84,"SELECT DISTINCT name FROM Artist,Produces WHERE Artist.artist_id=Produces.artist_id;",1,1,1,8,1
177,"SELECT DISTINCT name FROM Artist,Produces WHERE Artist.artist_id=Produces.artist_id; ",1,1,1,8,1
114,"SELECT DISTINCT name FROM Artist,Produces WHERE name = name",1,0,0,2,0.142857
331,"SELECT DISTINCT name FROM Artist,produces WHERE artist.artist_id = produces.artist_id;",1,1,1,8,1
313,"SELECT DISTINCT name FROM Produces, Artist WHERE Artist.artist_id = Produces.artist_id;",1,1,1,8,1
12,"SELECT DISTINCT name FROM Produces, Artist WHERE Artist.artist_id = Produces.artist_id;",1,1,1,8,1
118,"SELECT DISTINCT name FROM Produces, Artist WHERE Artist.artist_id = Produces.artist_id;",1,1,1,8,1
260,"SELECT DISTINCT name FROM Produces, Artist WHERE Produces.artist_id = Artist.artist_id;",1,1,1,8,1
348,"SELECT DISTINCT name FROM Produces, Artist WHERE Produces.artist_id = Artist.artist_id; ",1,1,1,8,1
157,SELECT DISTINCT name FROM artist JOIN produces ON artist.artist_id = produces.artist_id;,1,1,1,8,1
137,"SELECT DISTINCT name FROM artist, produces WHERE artist.artist_id=produces.artist_id;",1,1,1,8,1
345,SELECT DISTINCT name WHERE Artist Produces,0,0,0,1,0
26,"SELECT DISTINCT name from Artist, Produces WHERE Artist.artist_id = Produces.artist_id;",1,1,1,8,1
186,"SELECT DISTINCT name from Artist, Produces WHERE Artist.artist_id=Produces.artist_id;",1,1,1,8,1
17,"SELECT DISTINCTname"" FROM Artist",0,0,0,1,0
272,"SELECT DISTINCT( Artist.name) FROM Artist,Produces WHERE Artist.artist_id = Produces.artist_id;",1,1,1,8,1
207,"SELECT DISTINCT(Artist.name) FROM Artist, Produces WHERE Artist.artist_id = Produces.artist_id;",1,1,1,8,1
34,SELECT Distinct Artist.name FROM Artist NATURAL JOIN Produces;,1,1,1,8,1
209,SELECT Distinct Artist.name FROM Artist NATURAL JOIN Produces;,1,1,1,8,1
2,SELECT Distinct Artist.name FROM Artist NATURAL JOIN Produces;,1,1,1,8,1
138,SELECT Distinct Artist.name FROM Artist NATURAL JOIN Produces;,1,1,1,8,1
127,SELECT Distinct Artist.name FROM Artist NATURAL JOIN Produces;,1,1,1,8,1
104,SELECT Distinct Artist.name FROM Artist NATURAL JOIN Produces;,1,1,1,8,1
156,SELECT Distinct Artist.name FROM Artist NATURAL JOIN Produces;,1,1,1,8,1
240,SELECT Distinct Artist.name FROM Artist NATURAL JOIN Produces;,1,1,1,8,1
30,"SELECT Distinct Artist.name FROM Artist, Produces WHERE Produces.artist_id = Artist.artist_id;",1,1,1,8,1
264,"SELECT Name FROM Artist,Produces WHERE Artist.artist_id = Produces.artist_id;",1,0,0,2,0.142857
278,"SELECT Name FROM Artist,Produces;",1,0,0,2,0.142857
256,"SELECT a.name FROM Artist a, Produces p WHERE p.artist_id = a.artist_id;",1,0,0,2,0.142857
255,"SELECT a.name FROM Artist a, Produces;",1,0,0,2,0.142857
248,"SELECT artist.name FROM artist, produces WHERE artist.artist_id=produces.artist_id;",1,0,0,2,0.142857
161,"SELECT distinct artist.name FROM Artist,Produces WHERE produces.artist_id=artist.artist_id;",1,1,1,8,1
263,SELECT distinct name FROM Artist NATURAL JOIN Produces,1,1,1,8,1
147,"SELECT distinct name FROM Artist, Produces WHERE Artist.artist_id = Produces.artist_id",1,1,1,8,1
328,SELECT name Arist NATURAL JOIN Produces;,0,0,0,1,0
211,SELECT name Artist JOIN Produces,0,0,0,1,0
269,"SELECT name FROM Artist , Produces; ",1,0,0,2,0.142857
315,SELECT name FROM Artist AND Produces,0,0,0,1,0
337,SELECT name FROM Artist FULL OUTER JOIN Produces ON Artist.artist_id=Produces.artist_id;,1,0,0,2,0.142857
212,SELECT name FROM Artist INNER JOIN Produces ON Artist.artist_id = Produces.artist_id ;,1,0,0,2,0.142857
311,SELECT name FROM Artist INNER JOIN Produces ON Artist.artist_id = Produces.artist_id;,1,0,0,2,0.142857
49,SELECT name FROM Artist INNER JOIN Produces WHERE Artist.artist_id = Produces.artist_id,0,0,0,1,0
47,SELECT name FROM Artist JOIN Produces ON artist.artist_id=produces.artist_id;,1,0,0,2,0.142857
65,SELECT name FROM Artist NATURAL JOIN Produces,1,0,0,2,0.142857
317,SELECT name FROM Artist NATURAL JOIN Produces,1,0,0,2,0.142857
80,SELECT name FROM Artist NATURAL JOIN Produces,1,0,0,2,0.142857
62,SELECT name FROM Artist NATURAL JOIN Produces;,1,0,0,2,0.142857
332,SELECT name FROM Artist NATURAL JOIN Produces;,1,0,0,2,0.142857
301,SELECT name FROM Artist NATURAL JOIN Produces;,1,0,0,2,0.142857
258,SELECT name FROM Artist NATURAL JOIN Produces;,1,0,0,2,0.142857
194,SELECT name FROM Artist NATURAL JOIN Produces;,1,0,0,2,0.142857
169,SELECT name FROM Artist NATURAL JOIN Produces;,1,0,0,2,0.142857
132,SELECT name FROM Artist NATURAL JOIN Produces;,1,0,0,2,0.142857
151,SELECT name FROM Artist NATURAL JOIN Produces;,1,0,0,2,0.142857
220,SELECT name FROM Artist NATURAL JOIN Produces;,1,0,0,2,0.142857
228,SELECT name FROM Artist NATURAL JOIN Produces;,1,0,0,2,0.142857
336,SELECT name FROM Artist NATURAL JOIN Produces;,1,0,0,2,0.142857
72,SELECT name FROM Artist NATURAL JOIN Produces;,1,0,0,2,0.142857
76,SELECT name FROM Artist NATURAL JOIN Produces;,1,0,0,2,0.142857
252,SELECT name FROM Artist UNION Produces,0,0,0,1,0
227,SELECT name FROM Artist WHERE Artist.artist_id = Produceres.artist_id;,1,0,0,2,0.142857
59,SELECT name FROM Artist WHERE Artist.artist_id = Produces.artist_id;,1,0,0,2,0.142857
25,SELECT name FROM Artist WHERE Artist.artist_id = Produces.artist_id;,1,0,0,2,0.142857
21,"SELECT name FROM Artist a, Produces p WHERE a.artist_id = p.artist_id;",1,0,0,2,0.142857
16,"SELECT name FROM Artist a,Produces p WHERE a.artist_id = p.artist_id; ",1,0,0,2,0.142857
56,"SELECT name FROM Artist, Produces",1,0,0,2,0.142857
292,"SELECT name FROM Artist, Produces",1,0,0,2,0.142857
266,"SELECT name FROM Artist, Produces",1,0,0,2,0.142857
108,"SELECT name FROM Artist, Produces",1,0,0,2,0.142857
94,"SELECT name FROM Artist, Produces",1,0,0,2,0.142857
53,"SELECT name FROM Artist, Produces WHERE Artist.Track=Produces.Track;",1,0,0,2,0.142857
8,"SELECT name FROM Artist, Produces WHERE Artist.album_id=Produces.album_id;",1,0,0,2,0.142857
11,"SELECT name FROM Artist, Produces WHERE Artist.artist_id != Produces.artist_id;",1,0,0,2,0.142857
71,"SELECT name FROM Artist, Produces WHERE Artist.artist_id = Produces.artist_id",1,0,0,2,0.142857
36,"SELECT name FROM Artist, Produces WHERE Artist.artist_id = Produces.artist_id",1,0,0,2,0.142857
298,"SELECT name FROM Artist, Produces WHERE Artist.artist_id = Produces.artist_id",1,0,0,2,0.142857
281,"SELECT name FROM Artist, Produces WHERE Artist.artist_id = Produces.artist_id",1,0,0,2,0.142857
226,"SELECT name FROM Artist, Produces WHERE Artist.artist_id = Produces.artist_id ;",1,0,0,2,0.142857
184,"SELECT name FROM Artist, Produces WHERE Artist.artist_id = Produces.artist_id AND Artist.artist_id = Writes.artist_id ;",1,0,0,2,0.142857
307,"SELECT name FROM Artist, Produces WHERE Artist.artist_id = Produces.artist_id INTERSECT SELECT name FROM Artist, Produces WHERE Artist.artist_id = Produces.artist_id;",1,1,1,8,1
187,"SELECT name FROM Artist, Produces WHERE Artist.artist_id = Produces.artist_id INTERSECT SELECT name FROM Artist, Produces WHERE Artist.artist_id = Produces.artist_id;",1,1,1,8,1
75,"SELECT name FROM Artist, Produces WHERE Artist.artist_id = Produces.artist_id;",1,0,0,2,0.142857
341,"SELECT name FROM Artist, Produces WHERE Artist.artist_id = Produces.artist_id;",1,0,0,2,0.142857
294,"SELECT name FROM Artist, Produces WHERE Artist.artist_id = Produces.artist_id;",1,0,0,2,0.142857
295,"SELECT name FROM Artist, Produces WHERE Artist.artist_id = Produces.artist_id;",1,0,0,2,0.142857
296,"SELECT name FROM Artist, Produces WHERE Artist.artist_id = Produces.artist_id;",1,0,0,2,0.142857
239,"SELECT name FROM Artist, Produces WHERE Artist.artist_id = Produces.artist_id;",1,0,0,2,0.142857
24,"SELECT name FROM Artist, Produces WHERE Artist.artist_id = Produces.artist_id;",1,0,0,2,0.142857
22,"SELECT name FROM Artist, Produces WHERE Artist.artist_id = Produces.artist_id;",1,0,0,2,0.142857
214,"SELECT name FROM Artist, Produces WHERE Artist.artist_id = Produces.artist_id;",1,0,0,2,0.142857
182,"SELECT name FROM Artist, Produces WHERE Artist.artist_id = Produces.artist_id;",1,0,0,2,0.142857
14,"SELECT name FROM Artist, Produces WHERE Artist.artist_id = Produces.artist_id;",1,0,0,2,0.142857
105,"SELECT name FROM Artist, Produces WHERE Artist.artist_id = Produces.artist_id;",1,0,0,2,0.142857
20,"SELECT name FROM Artist, Produces WHERE Artist.artist_id = Produces.artist_id; ",1,0,0,2,0.142857
197,"SELECT name FROM Artist, Produces WHERE Artist.artist_id = Produces.artist_id; ",1,0,0,2,0.142857
303,"SELECT name FROM Artist, Produces WHERE Artist.artist_id == Produces.artist_id;",1,0,0,2,0.142857
308,"SELECT name FROM Artist, Produces WHERE Artist.artist_id=Produces.artist_id",1,0,0,2,0.142857
83,"SELECT name FROM Artist, Produces WHERE Artist.artist_id=Produces.artist_id;",1,0,0,2,0.142857
7,"SELECT name FROM Artist, Produces WHERE Artist.artist_id=Produces.artist_id;",1,0,0,2,0.142857
350,"SELECT name FROM Artist, Produces WHERE Artist.artist_id=Produces.artist_id;",1,0,0,2,0.142857
285,"SELECT name FROM Artist, Produces WHERE Artist.artist_id=Produces.artist_id;",1,0,0,2,0.142857
191,"SELECT name FROM Artist, Produces WHERE Artist.artist_id=Produces.artist_id;",1,0,0,2,0.142857
148,"SELECT name FROM Artist, Produces WHERE Artist.artist_id=Produces.artist_id;",1,0,0,2,0.142857
93,"SELECT name FROM Artist, Produces WHERE Artist.artist_id=Produces.artist_id;",1,0,0,2,0.142857
224,"SELECT name FROM Artist, Produces WHERE Artist.artist_id=Produces.artist_id; ",1,0,0,2,0.142857
170,"SELECT name FROM Artist, Produces WHERE artist.artist_id = produces.artist_id;",1,0,0,2,0.142857
79,"SELECT name FROM Artist, Produces Where Artist.artist_id = Produces.artist_id;",1,0,0,2,0.142857
57,"SELECT name FROM Artist, Produces;",1,0,0,2,0.142857
322,"SELECT name FROM Artist, Produces;",1,0,0,2,0.142857
299,"SELECT name FROM Artist, Produces;",1,0,0,2,0.142857
27,"SELECT name FROM Artist, Produces;",1,0,0,2,0.142857
133,"SELECT name FROM Artist, Produces;",1,0,0,2,0.142857
276,"SELECT name FROM Artist, Produces; ",1,0,0,2,0.142857
179,"SELECT name FROM Artist, Produces; ",1,0,0,2,0.142857
122,"SELECT name FROM Artist,Produces WHERE Artist.artist_id=Produces.artist_id ; ",1,0,0,2,0.142857
172,"SELECT name FROM Artist,Produces WHERE Artist.artist_id=Produces.artist_id; ",1,0,0,2,0.142857
325,"SELECT name FROM Artist,Produces WHERE Artist.artist_id=Produces.track_id",1,0,0,2,0.142857
153,"SELECT name FROM Artist,Produces WHERE artist.name = produces.name",1,0,0,2,0.142857
143,"SELECT name FROM Artist,Produces where (Artist.artist_id = Produces.artist_id);",1,0,0,2,0.142857
189,"SELECT name FROM Artists, Produces WHERE Artists.artist_id = Produces.artist_id",1,0,0,2,0.142857
107,"SELECT name FROM Artits, Produces;",1,0,0,2,0.142857
310,SELECT name FROM Produces GROUP BY Artist,1,0,0,2,0.142857
335,"SELECT name FROM artist AS ar, produces AS pr WHERE ar.artist_id = pr.artist_id",1,0,0,2,0.142857
125,"SELECT name From Artist, Produces",1,0,0,2,0.142857
150,SELECT name WHERE,0,0,0,1,0
3,"SELECT name; FROM Artist, Produces; WHERE Artist.artist_id = Produces.artist_id",0,0,0,1,0
87,"SELECT name; FROM Artist, Produces; WHERE Artist.artist_id = Produces.artist_id; ",0,0,0,1,0
66,"Select DISTINCT A.name FROM Artist A, Produces P WHERE A.artist_id = P.artist_id; ",1,1,1,8,1
273,"Select DISTINCT Artist.name From Artist, Produces Where Produces.artist_id == Artist.artist_id; ",1,0,0,2,0.142857
155,"Select DISTINCT name from Artist, Produces where Artist.artist_id = Produces.artist_id;",1,1,1,8,1
280,"Select Distinct Artist.name From Artist, Produces Where Artist.artist_id = Produces.artist_id;",1,1,1,8,1
235,"Select Distinct Artist.name from Artist, Produces where Artist.artist_id = Produces.artist_id;",1,1,1,8,1
241,Select distinct Artist.name from Artist join Produces on Artist.artist_id=Produces.artist_id;,1,1,1,8,1
41,"Select name FROM Artist,Produces WHERE Artist.artist_id= Produces.artist_id;",1,0,0,2,0.142857
92,"Select name From Artists, Produces;",1,0,0,2,0.142857
102,"Select name From artist, produces ",1,0,0,2,0.142857
216,project name Artist = Produces,0,0,0,1,0
37,select DISTINCT name From Artist LEFT JOIN Produces on Artist.artist_id = Produces.artist_id where Produces.track_id NOT null;,0,0,0,1,0
162,"select distinct Artist.name from Artist, Produces where Artist.artist_id = Produces.artist_id;",1,1,1,8,1
124,"select distinct a.name from Artist a, Produces p where a.artist_id = p.artist_id; ",1,1,1,8,1
19,select distinct name from Artist join Produces on Artist.artist_id = Produces.artist_id;,1,1,1,8,1
142,"select distinct name from Artist, Produces WHERE Artist.artist_id = Produces.artist_id;",1,1,1,8,1
38,"select distinct name from Artist, Produces where Artist.artist_id = Produces.artist_id;",1,1,1,8,1
174,"select distinct name from artist, produces where artist.artist_id = produces.artist_id;",1,1,1,8,1
204,"select distinct name from artist, produces where artist.artist_id = produces.artist_id;",1,1,1,8,1
86,"select distinct name from artist,produces;",1,0,0,2,0.142857
338,select name from Artist natural join Produces;,1,0,0,2,0.142857
13,"select name from Artist, Produces where Produces.artist_id=Artist.artist_id;",1,0,0,2,0.142857
342,"select name from Artist, Produces;",1,0,0,2,0.142857
203,π_name(σ_Writes.artist_id=Artist.artist_id(σ_Track.track_id=Writes.track_id(Artist X Track)),0,0,0,1,0
287,πname(Artist)⨝πname(Produces),0,0,0,1,0
